App,Translated_Review,Sentiment,Sentiment_Polarity,Sentiment_Subjectivity
10 Best Foods for You,"I like eat delicious food. That's I'm cooking food myself, case ""10 Best Foods"" helps lot, also ""Best Before (Shelf Life)""",Positive,1.0,0.533333333
10 Best Foods for You,Best idea us,Positive,1.0,0.3
10 Best Foods for You,Best way,Positive,1.0,0.3
10 Best Foods for You,Greatest ever Completely awesome maintain health.... This must ppl there... Love it!!!,Positive,0.9921875,0.866666667
10 Best Foods for You,One greatest apps.,Positive,1.0,1.0
10 Best Foods for You,Very good Simply good,Positive,0.805,0.69
10 Best Foods for You,Good.!!,Positive,1.0,0.6
10 Best Foods for You,Best,Positive,1.0,0.3
10 Best Foods for You,great,Positive,0.8,0.75
10 Best Foods for You,Wonderful,Positive,1.0,1.0
10 Best Foods for You,10 best foods 4u Excellent chose foods,Positive,1.0,0.65
10 Best Foods for You,Best food Thank you recipe book,Positive,1.0,0.3
10 Best Foods for You,I like Superb,Positive,1.0,1.0
10 Best Foods for You,Great ideas,Positive,0.8,0.75
10 Best Foods for You,Best Best,Positive,1.0,0.3
10 Best Foods for You,Great Great,Positive,0.8,0.75
10 Best Foods for You,"Food list easy I predibetic, I scared. All Dr. said potatoes, rice, bread. He never told I could eat. I supplied paperwork stating things could happen me. This tells get works. Thank calming down.AWESOME APP. GET IT!!!!",Positive,1.0,0.833333333
10 Best Foods for You,"I like eat delicious food. That's I'm cooking food myself, case ""10 Best Foods"" helps lot, also ""Best Before (Shelf Life)""",Positive,1.0,0.533333333
10 Best Foods for You,Best idea us,Positive,1.0,0.3
10 Best Foods for You,Best way,Positive,1.0,0.3
10 Best Foods for You,Greatest ever Completely awesome maintain health.... This must ppl there... Love it!!!,Positive,0.9921875,0.866666667
10 Best Foods for You,One greatest apps.,Positive,1.0,1.0
10 Best Foods for You,Very good Simply good,Positive,0.805,0.69
10 Best Foods for You,Good.!!,Positive,1.0,0.6
10 Best Foods for You,Best,Positive,1.0,0.3
10 Best Foods for You,great,Positive,0.8,0.75
10 Best Foods for You,Wonderful,Positive,1.0,1.0
10 Best Foods for You,10 best foods 4u Excellent chose foods,Positive,1.0,0.65
10 Best Foods for You,Best food Thank you recipe book,Positive,1.0,0.3
10 Best Foods for You,I like Superb,Positive,1.0,1.0
10 Best Foods for You,Great ideas,Positive,0.8,0.75
10 Best Foods for You,Best Best,Positive,1.0,0.3
10 Best Foods for You,Great Great,Positive,0.8,0.75
10 Best Foods for You,"Food list easy I predibetic, I scared. All Dr. said potatoes, rice, bread. He never told I could eat. I supplied paperwork stating things could happen me. This tells get works. Thank calming down.AWESOME APP. GET IT!!!!",Positive,1.0,0.833333333
30 Day Fitness Challenge - Workout at Home,Some times exercises match designated body parts aim work on. But still great all.,Positive,0.8,0.75
30 Day Fitness Challenge - Workout at Home,Helped get ideal body I wanted,Positive,0.9,1.0
30 Day Fitness Challenge - Workout at Home,"Really good, shows workout moves!",Positive,0.875,0.6
7 Cups: Anxiety & Stress Chat,It's really awesome App! When I problems I always talk people make feel better. Thank you!,Positive,0.8125,0.75
7 Minute Workout,"Great app, 7 minutes definately makes sweat!",Positive,1.0,0.75
8fit Workouts & Meal Planner,Really great I would recommend it. Got sweating like heatwave. THANK YOU,Positive,0.8,0.75
8fit Workouts & Meal Planner,Honestly really great start someone overweight unfit looking change lifestyle.,Positive,0.8,0.75
Abs Training-Burn belly fat,I used stomach muscles killing me. I give five stars I happy it.,Positive,0.8,1.0
Abs Training-Burn belly fat,Just got today awesome everytime I squeeze belly I can't wait see results hope good,Positive,0.85,0.8
BetterMe: Weight Loss Workouts,As beginner looking gradually increase exercises tone amazing!! Really great gradual increase shows exercises.,Positive,0.86875,0.825
BetterMe: Weight Loss Workouts,It's great helps goals weight loss,Positive,0.8,0.75
BetterMe: Weight Loss Workouts,This helped much I happy body,Positive,0.8,1.0
Bike Computer - GPS Cycling Tracker,Great seems cut around 50min mark?,Positive,0.8,0.75
Bike Computer - GPS Cycling Tracker,Great would recommend bike riders,Positive,0.8,0.75
Binaural Beats Therapy,Awesome app..keep researching Also Id like make donations paypal accepted u.,Positive,1.0,1.0
Binaural Beats Therapy,I every night helps rest really good best binaural beats app!!!,Positive,0.85,0.45
Binaural Beats Therapy,"Binaural Beats for Awesome!r meditation, soothe nerves. Great!",Positive,1.0,0.75
Binaural Beats Therapy,"It works needs upgraded efficient. Otherwise, good work!",Positive,0.875,0.6
Brain Waves - Binaural Beats,It great mind focus !,Positive,1.0,0.75
"Calm - Meditate, Sleep, Relax",Now THIS truly wonderful app!,Positive,1.0,1.0
Calorie Counter & Diet Tracker,"This great tracking everything, home page keeps motivated. But lot nutrition info database incorrect. I've manually input lot nutrition facts.",Positive,0.8,0.75
Calorie Counter & Diet Tracker,This great keeping track food water intake. It also adjusts calorie limits exercise. This encouraging.,Positive,0.8,0.75
Calorie Counter & Diet Tracker,"This great tracking everything, home page keeps motivated. But lot nutrition info database incorrect. I've manually input lot nutrition facts.",Positive,0.8,0.75
Calorie Counter - EasyFit free,"Brilliant app, lost weight already result using 1 week.",Positive,0.9,1.0
Calorie Counter - Macros,"Great calculate macros meal prepping macro counting. Takes bit time need enter macros foods barcode scanner, apart great use.",Positive,0.8,0.75
Calorie Counter - Macros,This best macro counter I updated Samsung 8 stopped working. It says loading data becomes unresponsive. please fix!,Positive,1.0,0.3
Calorie Counter - Macros,This turned best tracking macros... I can't log without crashing. Been since updated. Seems incompatible 8+,Positive,1.0,0.3
Calorie Counter - Macros,"Great calculate macros meal prepping macro counting. Takes bit time need enter macros foods barcode scanner, apart great use.",Positive,0.8,0.75
Calorie Counter - Macros,This best macro counter I updated Samsung 8 stopped working. It says loading data becomes unresponsive. please fix!,Positive,1.0,0.3
Calorie Counter - Macros,This turned best tracking macros... I can't log without crashing. Been since updated. Seems incompatible 8+,Positive,1.0,0.3
Calorie Counter - MyFitnessPal,"Awesome ! Keeps track food items, macros, exercise gives detailed list end week! Way better Weight Watchers !!!!",Positive,0.833333333,0.75
Calorie Counter - MyFitnessPal,"The paid version great. Excellent charts help see percentages macros. Also good substitute ideas, selection groceries (info) seemingly limitless well. Best diet planner date!!!",Positive,0.875,0.6625
Calorie Counter - MyFitnessPal,"Best I've used, wish pay monthly cheaper. So buying premium yet",Positive,1.0,0.3
Calorie Counter - MyFitnessPal,"Awesome ! Keeps track food items, macros, exercise gives detailed list end week! Way better Weight Watchers !!!!",Positive,0.833333333,0.75
Calorie Counter - MyFitnessPal,"The paid version great. Excellent charts help see percentages macros. Also good substitute ideas, selection groceries (info) seemingly limitless well. Best diet planner date!!!",Positive,0.875,0.6625
Calorie Counter - MyFitnessPal,"Best I've used, wish pay monthly cheaper. So buying premium yet",Positive,1.0,0.3
Calorie Counter - MyFitnessPal,"Awesome ! Keeps track food items, macros, exercise gives detailed list end week! Way better Weight Watchers !!!!",Positive,0.833333333,0.75
Calorie Counter - MyFitnessPal,"The paid version great. Excellent charts help see percentages macros. Also good substitute ideas, selection groceries (info) seemingly limitless well. Best diet planner date!!!",Positive,0.875,0.6625
Calorie Counter - MyFitnessPal,"Best I've used, wish pay monthly cheaper. So buying premium yet",Positive,1.0,0.3
Calorie Counter - MyFitnessPal,"Awesome ! Keeps track food items, macros, exercise gives detailed list end week! Way better Weight Watchers !!!!",Positive,0.833333333,0.75
Calorie Counter - MyFitnessPal,"The paid version great. Excellent charts help see percentages macros. Also good substitute ideas, selection groceries (info) seemingly limitless well. Best diet planner date!!!",Positive,0.875,0.6625
Calorie Counter - MyFitnessPal,"Best I've used, wish pay monthly cheaper. So buying premium yet",Positive,1.0,0.3
Calorie Counter - MyFitnessPal,One best health there.,Positive,1.0,0.3
Calorie Counter - MyFitnessPal,Great way help keep track things improve health fitness,Positive,0.8,0.75
Calorie Counter - MyFitnessPal,Awesome,Positive,1.0,1.0
Calorie Counter - MyFitnessPal,"Awesome ! Keeps track food items, macros, exercise gives detailed list end week! Way better Weight Watchers !!!!",Positive,0.833333333,0.75
Calorie Counter - MyFitnessPal,"The paid version great. Excellent charts help see percentages macros. Also good substitute ideas, selection groceries (info) seemingly limitless well. Best diet planner date!!!",Positive,0.875,0.6625
Calorie Counter - MyFitnessPal,"Best I've used, wish pay monthly cheaper. So buying premium yet",Positive,1.0,0.3
Calorie Counter - MyNetDiary,Great app! This kept track weight loss goal makes happy.,Positive,0.9,0.875
Calorie Counter - MyNetDiary,This wonderful works great I wish I could pay monthly year.,Positive,0.9,0.875
Calorie Counter - MyNetDiary,I glad found it!! I losing weight!!! ❤❤,Positive,1.0,1.0
Calorie Counter - MyNetDiary,Very happy. Have using years.i like layaway. The presentation.,Positive,1.0,1.0
Calorie Counter - MyNetDiary,The best diet analysis I've come across,Positive,1.0,0.3
Calorie Counter - MyNetDiary,Great keeps well track .,Positive,0.8,0.75
Calorie Counter - MyNetDiary,"Great app, scanner option great",Positive,0.8,0.75
Calorie Counter - MyNetDiary,Works great keto diet,Positive,0.8,0.75
Calorie Counter - MyNetDiary,great count calories,Positive,0.8,0.75
Calorie Counter - MyNetDiary,Works great!,Positive,1.0,0.75
Calorie Counter - MyNetDiary,Amazing app!!,Positive,0.9375,0.9
Calorie Counter - MyNetDiary,Very good.,Positive,0.91,0.78
Calorie Counter - MyNetDiary,Great app! This kept track weight loss goal makes happy.,Positive,0.9,0.875
Couch to 10K Running Trainer,On week 2 already progressed incredibly! Great app!,Positive,1.0,0.75
Couch to 10K Running Trainer,The great helping thru walking running.,Positive,0.8,0.75
Couch to 10K Running Trainer,This great tool help train marathon running!,Positive,1.0,0.75
Couch to 5K by RunDouble,Great,Positive,0.8,0.75
Couch to 5K by RunDouble,Probably best run program I've tried,Positive,1.0,0.3
Couch to 5K by RunDouble,Awesome helpful,Positive,1.0,1.0
Couch to 5K by RunDouble,"Great app, started running works well tracks progress giving encouragement continue.",Positive,0.8,0.75
Cycling - Bike Tracker,Great,Positive,0.8,0.75
Cycling - Bike Tracker,works great bicycles workout atttttt,Positive,0.8,0.75
Cycling - Bike Tracker,Perfect peddle,Positive,1.0,1.0
Daily Workouts - Exercise Fitness Routine Trainer,It's really great,Positive,0.8,0.75
Eat Fit - Diet and Health Free,Great For vegetarian complainers. Here you...take meat substitute tofu...easy fix. Stop whining.,Positive,0.8,0.75
Eat Fit - Diet and Health Free,great except I wish make workout food option,Positive,0.8,0.75
Eat Fit - Diet and Health Free,Ok The food preparation alright but it could involve salads!!!,Positive,0.9765625,0.5
Eat Fit - Diet and Health Free,great awesome,Positive,0.9,0.875
Eat Fit - Diet and Health Free,Very good,Positive,0.91,0.78
Eat Fit - Diet and Health Free,Perfect,Positive,1.0,1.0
Eat Fit - Diet and Health Free,Great Great,Positive,0.8,0.75
Eat Fit - Diet and Health Free,Perfect,Positive,1.0,1.0
Eat Fit - Diet and Health Free,Perfect,Positive,1.0,1.0
"Eve Period Tracker - Love, Sex & Relationships App",Godsend !! best part able interact ask women questions ask advice stuff!! 5 stars way!,Positive,0.98828125,0.4625
"Eve Period Tracker - Love, Sex & Relationships App",Best play store content,Positive,1.0,0.3
"Eve Period Tracker - Love, Sex & Relationships App","Perfect usefulness, trans-inclusive; refers feminine titles..",Positive,1.0,1.0
"Eve Period Tracker - Love, Sex & Relationships App",Its accuracy best helpful,Positive,1.0,0.3
"Fabulous: Motivate Me! Meditate, Relax, Sleep","Best I yet find. I thinking making help fight depression stuff. Inspiring I day 7 I like there's rush , water 7 days n rolled dice n got declutter help immensely. Great App!",Positive,0.833333333,0.683333333
Fat Burning Workout - Home Weight lose,"I exercised YEARS, program truly let know shape I am. Excellent work out. I modify them.",Positive,1.0,1.0
Fat Burning Workout - Home Weight lose,"Too soon rate question keeps coming up, great know I could move like",Positive,0.8,0.75
Fat Burning Workout - Home Weight lose,It best I ever used,Positive,1.0,0.3
Fat Burning Workout - Home Weight lose,Works great go mom,Positive,0.8,0.75
Food Calorie Calculator,So great,Positive,0.8,0.75
Food Calorie Calculator,So great,Positive,0.8,0.75
Food Calorie Calculator,The best Effective,Positive,0.8,0.55
Fooducate Healthy Weight Loss & Calorie Counter,"great seeing nutrition values everything, great seeing added sugar content",Positive,0.8,0.75
Fooducate Healthy Weight Loss & Calorie Counter,I Love app.. I've using years.!!!,Positive,0.9765625,0.6
Freeletics: Personal Trainer & Fitness Workouts,Best workout ever,Positive,1.0,0.3
Freeletics: Personal Trainer & Fitness Workouts,"I bought subscription 6 months didnt liked app. I didnt find functionality cancel subscription I sayed ok , I lost money. Yesterday I shock I saw renewed subscription without asking me!! And cant cancel it! Will keep steling clients money forever?? Shame you!",Positive,0.8,0.65
Freeletics: Personal Trainer & Fitness Workouts,Awesome work home can't get gym. It renew automatically cancel like go manage subscriptions cancel it.,Positive,1.0,1.0
Freeletics: Personal Trainer & Fitness Workouts,Awesome,Positive,1.0,1.0
Google Fit - Fitness Tracking,Mistakes bus rides bike riding. LoL.,Positive,0.8,0.7
Google Fit - Fitness Tracking,Good needs swimming watch app!,Positive,0.875,0.6
Health and Nutrition Guide,Great app.swsmi r.y.osho,Positive,0.8,0.75
Health and Nutrition Guide,Great,Positive,0.8,0.75
Health and Nutrition Guide,Excellent understand nutrition needs!,Positive,1.0,1.0
Health and Nutrition Guide,Wonderful works great,Positive,0.9,0.875
Health and Nutrition Guide,It's great!,Positive,1.0,0.75
Health and Nutrition Guide,Seems great,Positive,0.8,0.75
Health and Nutrition Guide,Good app!!!,Positive,1.0,0.6
Health and Nutrition Guide,It's awesome,Positive,1.0,1.0
Health and Nutrition Guide,Great app.swsmi r.y.osho,Positive,0.8,0.75
Health and Nutrition Guide,Great,Positive,0.8,0.75
Health and Nutrition Guide,Great,Positive,0.8,0.75
Home Workout - No Equipment,Its name says.. A home workout anywhere anytime. But would great guys could make meal plan! Its like everyone says . You eat!,Positive,1.0,0.75
Home Workout - No Equipment,"I worked 3days now. I got fight guess got bit up, best part guy beat said ""i see u started working out""",Positive,1.0,0.3
Home Workout for Men - Bodybuilding,That excellent according vision another I can't say. But 21 days atleast 3day 1weeks best result great app.,Positive,0.933333333,0.683333333
Home Workout for Men - Bodybuilding,Awesome best exercise,Positive,1.0,0.65
Home Workout for Men - Bodybuilding,Best workout,Positive,1.0,0.3
Home Workout for Men - Bodybuilding,Best workout,Positive,1.0,0.3
Home Workout for Men - Bodybuilding,Great job.,Positive,0.8,0.75
Home Workout for Men - Bodybuilding,This best,Positive,1.0,0.3
"Home workouts - fat burning, abs, legs, arms,chest",Great,Positive,0.8,0.75
